aluno_matricula,curso_codigo,disciplina_codigo,periodo,codigo_atividade,nome_atividade,valor_atividade,nota_obtida
461333,5,21,02/2023,1,trabalho,13,4
461333,5,21,02/2023,2,avaliacao,10,3
461333,5,21,02/2023,3,avaliacao,20,19
275111,3,15,01/2023,1,exercicio,13,8
275111,3,15,01/2023,2,avaliacao,13,2
275111,3,15,01/2023,3,exercicio,16,13
275111,3,15,01/2023,4,trabalho,7,2
467952,1,5,02/2023,1,trabalho,18,17
234916,2,9,01/2023,1,trabalho,18,2
234916,2,9,01/2023,2,exercicio,15,4
234916,2,9,01/2023,3,trabalho,5,5
193818,4,16,01/2022,1,avaliacao,20,14
257675,5,25,01/2023,1,trabalho,6,6
257675,5,25,01/2023,2,avaliacao,6,5
556406,4,17,01/2024,1,trabalho,13,10
556406,4,17,01/2024,2,avaliacao,12,2
392900,5,21,02/2023,1,trabalho,9,2
392900,5,21,02/2023,2,avaliacao,10,3
392900,5,21,02/2023,3,trabalho,20,14
392900,5,21,02/2023,4,trabalho,10,5
920422,4,16,01/2024,1,trabalho,15,4
920422,4,16,01/2024,2,trabalho,7,0
431465,5,23,01/2022,1,trabalho,10,10
781144,5,22,02/2022,1,exercicio,14,5
527386,1,1,02/2023,1,avaliacao,19,13
527386,1,1,02/2023,2,avaliacao,12,9
527386,1,1,02/2023,3,exercicio,8,7
817214,2,8,02/2023,1,trabalho,6,5
934402,4,20,01/2022,1,exercicio,6,2
934402,4,20,01/2022,2,trabalho,19,13
519938,3,11,02/2023,1,avaliacao,8,7
519938,3,11,02/2023,2,avaliacao,20,1
519938,3,11,02/2023,3,trabalho,5,5
461173,1,5,01/2022,1,exercicio,9,0
461173,1,5,01/2022,2,avaliacao,17,5
220980,2,10,02/2022,1,trabalho,8,4
220980,2,10,02/2022,2,trabalho,10,1
220980,2,10,02/2022,3,trabalho,9,2
220980,2,10,02/2022,4,trabalho,15,3
403759,1,3,01/2022,1,exercicio,8,4
403759,1,3,01/2022,2,exercicio,17,14
721188,2,8,02/2022,1,avaliacao,15,7
721188,2,8,02/2022,2,avaliacao,5,1
721188,2,8,02/2022,3,trabalho,14,9
721188,2,8,02/2022,4,avaliacao,5,1
721188,2,8,02/2022,5,avaliacao,6,2
814593,2,6,02/2022,1,exercicio,17,16
814593,2,6,02/2022,2,avaliacao,13,6
814593,2,6,02/2022,3,exercicio,19,5
814593,2,6,02/2022,4,trabalho,11,4
175723,2,7,02/2023,1,trabalho,17,2
175723,2,7,02/2023,2,trabalho,15,7
175723,2,7,02/2023,3,trabalho,12,10
175723,2,7,02/2023,4,exercicio,14,1
999356,3,14,01/2024,1,avaliacao,18,12
999356,3,14,01/2024,2,avaliacao,10,1
999356,3,14,01/2024,3,avaliacao,9,9
999356,3,14,01/2024,4,exercicio,12,9
999356,3,14,01/2024,5,exercicio,12,0
857346,4,16,02/2023,1,trabalho,17,17
857346,4,16,02/2023,2,exercicio,14,3
857346,4,16,02/2023,3,avaliacao,8,1
854558,1,4,01/2024,1,exercicio,19,18
854558,1,4,01/2024,2,avaliacao,7,7
854558,1,4,01/2024,3,trabalho,5,2
854558,1,4,01/2024,4,avaliacao,7,2
854558,1,4,01/2024,5,exercicio,18,15
882548,4,18,01/2024,1,trabalho,7,0
882548,4,18,01/2024,2,exercicio,19,13
409781,3,12,01/2022,1,trabalho,15,14
409781,3,12,01/2022,2,trabalho,9,0
409781,3,12,01/2022,3,avaliacao,8,2
409781,3,12,01/2022,4,exercicio,19,14
690921,4,18,01/2024,1,exercicio,16,4
690921,4,18,01/2024,2,exercicio,15,7
690921,4,18,01/2024,3,trabalho,6,0
690921,4,18,01/2024,4,avaliacao,7,3
856926,1,4,01/2024,1,exercicio,19,13
856926,1,4,01/2024,2,trabalho,8,6
856926,1,4,01/2024,3,trabalho,7,4
781140,2,10,02/2023,1,trabalho,15,15
781140,2,10,02/2023,2,exercicio,10,6
495793,2,8,01/2023,1,trabalho,6,6
495793,2,8,01/2023,2,exercicio,17,9
495793,2,8,01/2023,3,trabalho,13,3
335437,4,18,01/2024,1,avaliacao,5,5
335437,4,18,01/2024,2,avaliacao,15,11
335437,4,18,01/2024,3,avaliacao,5,4
335437,4,18,01/2024,4,trabalho,17,9
817898,1,5,01/2022,1,trabalho,17,5
817898,1,5,01/2022,2,exercicio,7,7
817898,1,5,01/2022,3,trabalho,8,6
244663,3,14,02/2023,1,avaliacao,10,4
244663,3,14,02/2023,2,exercicio,9,3
244663,3,14,02/2023,3,avaliacao,15,0
396831,5,23,01/2022,1,avaliacao,12,9
396831,5,23,01/2022,2,avaliacao,14,11
396831,5,23,01/2022,3,exercicio,10,3
396831,5,23,01/2022,4,trabalho,12,8
396831,5,23,01/2022,5,exercicio,13,5
225151,2,6,02/2022,1,trabalho,12,6
215857,1,1,02/2023,1,avaliacao,13,9
215857,1,1,02/2023,2,exercicio,7,2
215857,1,1,02/2023,3,exercicio,17,16
146871,1,2,02/2024,1,avaliacao,14,3
146871,1,2,02/2024,2,trabalho,13,1
146871,1,2,02/2024,3,exercicio,20,13
314528,4,16,02/2024,1,avaliacao,5,4
314528,4,16,02/2024,2,avaliacao,10,1
314528,4,16,02/2024,3,exercicio,8,6
135253,1,1,02/2024,1,exercicio,6,1
135253,1,1,02/2024,2,trabalho,16,6
694803,4,17,01/2024,1,exercicio,19,9
853888,2,8,01/2023,1,avaliacao,9,3
853888,2,8,01/2023,2,avaliacao,17,9
853888,2,8,01/2023,3,exercicio,18,2
853888,2,8,01/2023,4,avaliacao,7,6
853888,2,8,01/2023,5,trabalho,18,13
536479,1,5,02/2024,1,avaliacao,13,2
536479,1,5,02/2024,2,avaliacao,10,8
536479,1,5,02/2024,3,avaliacao,17,17
536479,1,5,02/2024,4,exercicio,17,13
536479,1,5,02/2024,5,trabalho,10,9
247619,5,25,02/2022,1,trabalho,18,15
582634,2,7,02/2023,1,exercicio,18,3
582634,2,7,02/2023,2,avaliacao,17,10
285508,2,6,02/2023,1,avaliacao,13,11
285508,2,6,02/2023,2,avaliacao,12,11
285508,2,6,02/2023,3,exercicio,10,10
285508,2,6,02/2023,4,exercicio,12,8
285508,2,6,02/2023,5,avaliacao,13,5
163564,3,15,01/2024,1,avaliacao,15,2
163564,3,15,01/2024,2,avaliacao,9,8
739182,1,1,01/2022,1,exercicio,18,7
739182,1,1,01/2022,2,exercicio,20,17
739182,1,1,01/2022,3,avaliacao,5,5
739182,1,1,01/2022,4,exercicio,7,5
739182,1,1,01/2022,5,trabalho,14,10
129721,5,25,02/2022,1,trabalho,16,0
129721,5,25,02/2022,2,exercicio,15,7
129721,5,25,02/2022,3,trabalho,18,2
129721,5,25,02/2022,4,trabalho,7,2
129721,5,25,02/2022,5,avaliacao,17,14
196757,4,17,02/2022,1,exercicio,17,17
196757,4,17,02/2022,2,trabalho,13,3
813277,2,6,02/2024,1,trabalho,5,1
813277,2,6,02/2024,2,trabalho,7,1
320106,5,25,01/2022,1,trabalho,6,3
320106,5,25,01/2022,2,exercicio,12,2
320106,5,25,01/2022,3,exercicio,19,19
320106,5,25,01/2022,4,trabalho,14,14
320106,5,25,01/2022,5,avaliacao,10,8
515300,2,9,02/2024,1,exercicio,5,1
200333,1,1,02/2022,1,avaliacao,7,4
200333,1,1,02/2022,2,trabalho,16,0
200333,1,1,02/2022,3,trabalho,6,6
200333,1,1,02/2022,4,exercicio,7,2
200333,1,1,02/2022,5,exercicio,11,10
856969,5,22,02/2022,1,avaliacao,20,20
856969,5,22,02/2022,2,trabalho,14,7
856969,5,22,02/2022,3,exercicio,19,0
856969,5,22,02/2022,4,trabalho,16,14
195784,4,17,01/2022,1,exercicio,20,5
341285,5,21,01/2024,1,exercicio,13,6
341285,5,21,01/2024,2,trabalho,12,7
671172,4,20,01/2022,1,trabalho,20,17
671172,4,20,01/2022,2,exercicio,20,8
671172,4,20,01/2022,3,exercicio,7,0
671172,4,20,01/2022,4,exercicio,5,4
389235,5,24,01/2022,1,trabalho,5,5
389235,5,24,01/2022,2,avaliacao,13,10
389235,5,24,01/2022,3,avaliacao,17,5
389235,5,24,01/2022,4,exercicio,19,11
862281,2,10,02/2024,1,trabalho,5,2
862281,2,10,02/2024,2,avaliacao,5,3
245023,4,16,01/2024,1,exercicio,9,9
245023,4,16,01/2024,2,trabalho,15,15
245023,4,16,01/2024,3,avaliacao,17,10
757368,2,10,01/2023,1,trabalho,19,17
757368,2,10,01/2023,2,trabalho,15,14
757368,2,10,01/2023,3,exercicio,6,0
742619,4,16,01/2024,1,avaliacao,10,9
742619,4,16,01/2024,2,trabalho,9,9
742619,4,16,01/2024,3,trabalho,10,1
742619,4,16,01/2024,4,trabalho,15,1
742619,4,16,01/2024,5,exercicio,17,1
550161,2,6,02/2023,1,avaliacao,11,8
550161,2,6,02/2023,2,exercicio,10,9
550161,2,6,02/2023,3,avaliacao,10,5
550161,2,6,02/2023,4,exercicio,19,16
734126,1,3,02/2023,1,avaliacao,19,17
734126,1,3,02/2023,2,trabalho,8,4
734126,1,3,02/2023,3,avaliacao,12,1
734126,1,3,02/2023,4,exercicio,8,6
734126,1,3,02/2023,5,avaliacao,14,7
828612,5,21,01/2023,1,exercicio,5,3
828612,5,21,01/2023,2,avaliacao,8,0
828612,5,21,01/2023,3,exercicio,14,6
847926,2,7,02/2024,1,avaliacao,9,6
847926,2,7,02/2024,2,exercicio,12,12
847926,2,7,02/2024,3,trabalho,12,6
847926,2,7,02/2024,4,avaliacao,8,2
847926,2,7,02/2024,5,exercicio,20,17
912420,2,9,01/2024,1,trabalho,16,4
912420,2,9,01/2024,2,avaliacao,5,4
912420,2,9,01/2024,3,avaliacao,13,0
912420,2,9,01/2024,4,avaliacao,16,10
906343,2,7,02/2024,1,trabalho,20,19
395279,5,25,02/2023,1,avaliacao,7,5
395279,5,25,02/2023,2,trabalho,10,4
395279,5,25,02/2023,3,avaliacao,5,2
522484,5,23,01/2022,1,exercicio,9,0
522484,5,23,01/2022,2,avaliacao,10,5
522484,5,23,01/2022,3,trabalho,7,2
952339,4,19,01/2023,1,trabalho,15,14
952339,4,19,01/2023,2,exercicio,8,6
785741,5,24,02/2023,1,exercicio,19,11
785741,5,24,02/2023,2,exercicio,19,17
785741,5,24,02/2023,3,trabalho,17,4
785741,5,24,02/2023,4,avaliacao,5,1
112864,1,5,02/2024,1,exercicio,8,0
112864,1,5,02/2024,2,trabalho,17,0
421501,5,23,02/2022,1,avaliacao,9,6
421501,5,23,02/2022,2,exercicio,15,11
421501,5,23,02/2022,3,trabalho,18,0
519099,1,5,01/2022,1,exercicio,9,1
340117,5,24,01/2022,1,avaliacao,13,0
340117,5,24,01/2022,2,exercicio,12,0
340117,5,24,01/2022,3,avaliacao,11,6
340117,5,24,01/2022,4,trabalho,11,4
340117,5,24,01/2022,5,exercicio,19,13
770719,5,22,01/2023,1,exercicio,10,0
770719,5,22,01/2023,2,exercicio,9,5
770719,5,22,01/2023,3,trabalho,6,5
770719,5,22,01/2023,4,exercicio,13,7
770719,5,22,01/2023,5,trabalho,14,4
260684,1,1,01/2023,1,avaliacao,20,6
260684,1,1,01/2023,2,avaliacao,14,5
726364,1,1,02/2024,1,avaliacao,13,9
726364,1,1,02/2024,2,trabalho,15,8
726364,1,1,02/2024,3,exercicio,13,5
726364,1,1,02/2024,4,avaliacao,16,4
726364,1,1,02/2024,5,avaliacao,13,13
185163,4,19,02/2024,1,avaliacao,10,7
185163,4,19,02/2024,2,exercicio,8,5
688072,1,5,02/2024,1,avaliacao,5,3
688072,1,5,02/2024,2,trabalho,12,9
688072,1,5,02/2024,3,exercicio,7,6
788237,2,10,02/2023,1,avaliacao,14,6
186175,1,1,02/2022,1,avaliacao,17,12
186175,1,1,02/2022,2,trabalho,5,4
807768,2,8,01/2022,1,avaliacao,6,6
807768,2,8,01/2022,2,avaliacao,6,6
807768,2,8,01/2022,3,trabalho,5,2
807768,2,8,01/2022,4,avaliacao,10,8
811346,1,4,02/2022,1,exercicio,16,12
811346,1,4,02/2022,2,trabalho,5,2
811346,1,4,02/2022,3,trabalho,19,8
811346,1,4,02/2022,4,trabalho,19,12
860977,1,1,01/2022,1,exercicio,16,1
860977,1,1,01/2022,2,exercicio,14,9
860977,1,1,01/2022,3,exercicio,6,4
490297,1,2,02/2022,1,avaliacao,14,4
490297,1,2,02/2022,2,trabalho,8,6
490297,1,2,02/2022,3,trabalho,17,9
490297,1,2,02/2022,4,trabalho,12,4
490297,1,2,02/2022,5,avaliacao,11,8
697821,2,8,01/2022,1,avaliacao,13,6
697821,2,8,01/2022,2,trabalho,12,3
697821,2,8,01/2022,3,avaliacao,10,4
896276,1,5,02/2023,1,avaliacao,5,1
896276,1,5,02/2023,2,avaliacao,14,3
852338,5,23,01/2022,1,avaliacao,17,10
852338,5,23,01/2022,2,avaliacao,5,0
852338,5,23,01/2022,3,avaliacao,14,1
852338,5,23,01/2022,4,avaliacao,10,0
852338,5,23,01/2022,5,avaliacao,9,8
894315,4,16,01/2023,1,trabalho,19,6
894315,4,16,01/2023,2,exercicio,14,11
894315,4,16,01/2023,3,trabalho,19,8
894315,4,16,01/2023,4,trabalho,10,0
894315,4,16,01/2023,5,trabalho,10,4
636278,2,7,01/2022,1,exercicio,13,0
636278,2,7,01/2022,2,avaliacao,13,4
636278,2,7,01/2022,3,avaliacao,5,0
636278,2,7,01/2022,4,avaliacao,14,14
415295,2,8,02/2024,1,trabalho,19,17
415295,2,8,02/2024,2,trabalho,11,10
292553,2,9,01/2023,1,exercicio,5,5
292553,2,9,01/2023,2,trabalho,19,3
292553,2,9,01/2023,3,exercicio,20,10
292553,2,9,01/2023,4,exercicio,14,5
495416,4,20,02/2023,1,trabalho,9,9
495416,4,20,02/2023,2,avaliacao,8,3
495416,4,20,02/2023,3,exercicio,19,1
192095,3,12,02/2024,1,exercicio,6,1
948393,3,13,01/2024,1,avaliacao,20,11
443855,3,12,01/2024,1,avaliacao,6,3
443855,3,12,01/2024,2,avaliacao,15,13
791747,4,20,02/2024,1,trabalho,18,11
791747,4,20,02/2024,2,exercicio,18,1
526706,3,11,02/2023,1,avaliacao,16,4
526706,3,11,02/2023,2,trabalho,10,1
526706,3,11,02/2023,3,avaliacao,20,6
932994,3,13,02/2022,1,avaliacao,7,5
932994,3,13,02/2022,2,exercicio,14,5
932994,3,13,02/2022,3,avaliacao,15,6
932994,3,13,02/2022,4,exercicio,13,9
448517,3,15,01/2022,1,exercicio,20,15
925294,1,4,02/2023,1,exercicio,14,3
925294,1,4,02/2023,2,exercicio,19,1
925294,1,4,02/2023,3,trabalho,19,8
368505,1,2,02/2022,1,trabalho,9,2
368505,1,2,02/2022,2,trabalho,7,0
368505,1,2,02/2022,3,trabalho,7,5
368505,1,2,02/2022,4,avaliacao,19,6
368505,1,2,02/2022,5,exercicio,5,1
884082,2,8,02/2022,1,trabalho,18,17
884082,2,8,02/2022,2,avaliacao,13,7
884082,2,8,02/2022,3,exercicio,20,15
884082,2,8,02/2022,4,exercicio,12,10
884082,2,8,02/2022,5,avaliacao,17,13
414619,3,12,02/2023,1,trabalho,7,6
414619,3,12,02/2023,2,exercicio,11,8
414619,3,12,02/2023,3,trabalho,7,2
414619,3,12,02/2023,4,trabalho,7,7
414619,3,12,02/2023,5,exercicio,6,4
962788,2,7,01/2024,1,exercicio,10,6
284886,4,19,02/2022,1,trabalho,9,7
284886,4,19,02/2022,2,exercicio,8,0
284886,4,19,02/2022,3,avaliacao,6,0
284886,4,19,02/2022,4,avaliacao,15,7
682825,5,23,02/2022,1,trabalho,19,16
682825,5,23,02/2022,2,avaliacao,5,4
682825,5,23,02/2022,3,trabalho,8,4
682825,5,23,02/2022,4,avaliacao,8,3
682825,5,23,02/2022,5,exercicio,6,4
373010,1,5,02/2023,1,trabalho,6,5
373010,1,5,02/2023,2,trabalho,10,1
373010,1,5,02/2023,3,trabalho,17,15
373010,1,5,02/2023,4,trabalho,17,13
763885,3,14,01/2022,1,exercicio,9,5
763885,3,14,01/2022,2,trabalho,10,1
763885,3,14,01/2022,3,trabalho,10,9
289624,2,7,01/2024,1,trabalho,8,0
289624,2,7,01/2024,2,trabalho,7,0
389234,3,15,01/2024,1,exercicio,10,6
389234,3,15,01/2024,2,avaliacao,10,3
389234,3,15,01/2024,3,avaliacao,6,0
389234,3,15,01/2024,4,exercicio,10,3
769544,2,8,01/2024,1,avaliacao,10,1
769544,2,8,01/2024,2,avaliacao,11,7
769544,2,8,01/2024,3,avaliacao,18,6
769544,2,8,01/2024,4,exercicio,6,3
769544,2,8,01/2024,5,exercicio,5,0
998518,2,10,01/2022,1,avaliacao,7,6
179309,2,8,02/2024,1,exercicio,16,1
179309,2,8,02/2024,2,trabalho,9,6
179309,2,8,02/2024,3,trabalho,9,3
179309,2,8,02/2024,4,trabalho,16,11
179309,2,8,02/2024,5,trabalho,6,6
479424,4,19,01/2024,1,exercicio,6,0
479424,4,19,01/2024,2,trabalho,20,11
479424,4,19,01/2024,3,trabalho,18,9
479424,4,19,01/2024,4,avaliacao,10,7
983910,3,15,01/2024,1,trabalho,17,4
983910,3,15,01/2024,2,avaliacao,11,11
705491,3,11,01/2022,1,exercicio,9,1
705491,3,11,01/2022,2,avaliacao,10,7
705491,3,11,01/2022,3,avaliacao,20,10
705491,3,11,01/2022,4,avaliacao,15,13
705491,3,11,01/2022,5,avaliacao,15,0
325713,3,14,02/2024,1,exercicio,12,8
325713,3,14,02/2024,2,exercicio,6,0
325713,3,14,02/2024,3,trabalho,10,3
522190,5,21,01/2023,1,trabalho,17,10
522190,5,21,01/2023,2,trabalho,5,5
522190,5,21,01/2023,3,exercicio,5,2
168492,3,15,01/2023,1,avaliacao,9,8
525493,4,19,02/2022,1,trabalho,11,2
297326,2,10,02/2023,1,trabalho,9,4
560753,1,2,02/2024,1,avaliacao,13,10
560753,1,2,02/2024,2,avaliacao,17,6
811052,4,20,02/2022,1,avaliacao,17,12
811052,4,20,02/2022,2,avaliacao,5,0
811052,4,20,02/2022,3,exercicio,11,4
811052,4,20,02/2022,4,trabalho,12,10
648005,1,3,01/2023,1,avaliacao,7,0
648005,1,3,01/2023,2,avaliacao,6,0
779349,2,6,02/2022,1,avaliacao,5,0
779349,2,6,02/2022,2,exercicio,17,6
270865,1,4,01/2023,1,exercicio,10,6
270865,1,4,01/2023,2,trabalho,8,4
270865,1,4,01/2023,3,exercicio,14,0
270865,1,4,01/2023,4,avaliacao,10,4
270865,1,4,01/2023,5,exercicio,13,3
323255,5,25,01/2024,1,avaliacao,7,2
395623,4,18,01/2023,1,exercicio,8,3
395623,4,18,01/2023,2,trabalho,20,10
395623,4,18,01/2023,3,trabalho,12,12
395623,4,18,01/2023,4,avaliacao,19,16
398962,2,8,01/2023,1,avaliacao,17,0
398962,2,8,01/2023,2,avaliacao,6,1
398962,2,8,01/2023,3,avaliacao,13,11
398962,2,8,01/2023,4,exercicio,5,3
398962,2,8,01/2023,5,exercicio,20,20
911461,4,19,02/2023,1,trabalho,17,6
911461,4,19,02/2023,2,exercicio,16,14
911461,4,19,02/2023,3,exercicio,15,1
911461,4,19,02/2023,4,exercicio,7,6
784723,3,14,02/2023,1,avaliacao,12,12
784723,3,14,02/2023,2,exercicio,7,2
784723,3,14,02/2023,3,trabalho,10,1
784723,3,14,02/2023,4,avaliacao,13,11
755129,2,6,02/2023,1,avaliacao,19,2
755129,2,6,02/2023,2,trabalho,5,4
755129,2,6,02/2023,3,trabalho,19,7
755129,2,6,02/2023,4,trabalho,12,7
424750,4,20,01/2024,1,exercicio,16,14
424750,4,20,01/2024,2,exercicio,7,2
424750,4,20,01/2024,3,trabalho,19,11
256896,1,5,01/2022,1,exercicio,12,4
256896,1,5,01/2022,2,exercicio,11,9
477228,5,24,02/2023,1,avaliacao,14,7
477228,5,24,02/2023,2,exercicio,6,0
477228,5,24,02/2023,3,exercicio,9,4
477228,5,24,02/2023,4,avaliacao,19,8
419996,1,1,02/2022,1,exercicio,19,15
419996,1,1,02/2022,2,avaliacao,10,2
419996,1,1,02/2022,3,trabalho,13,0
419996,1,1,02/2022,4,avaliacao,9,9
144430,4,18,01/2024,1,exercicio,18,0
144430,4,18,01/2024,2,trabalho,15,12
144430,4,18,01/2024,3,exercicio,11,3
144430,4,18,01/2024,4,trabalho,7,2
813371,5,23,01/2024,1,avaliacao,12,7
813371,5,23,01/2024,2,exercicio,16,3
813371,5,23,01/2024,3,avaliacao,19,19
703954,1,5,02/2022,1,exercicio,5,5
703954,1,5,02/2022,2,trabalho,6,0
703954,1,5,02/2022,3,exercicio,12,12
703954,1,5,02/2022,4,exercicio,16,12
703954,1,5,02/2022,5,exercicio,18,8
242469,4,20,02/2023,1,avaliacao,14,7
242469,4,20,02/2023,2,exercicio,18,18
712173,2,10,02/2022,1,exercicio,13,9
712173,2,10,02/2022,2,trabalho,10,1
712173,2,10,02/2022,3,trabalho,11,2
787892,2,6,02/2024,1,avaliacao,16,1
787892,2,6,02/2024,2,trabalho,18,11
787892,2,6,02/2024,3,exercicio,8,0
785480,4,16,01/2022,1,trabalho,18,9
785480,4,16,01/2022,2,trabalho,12,3
433319,1,2,01/2022,1,avaliacao,13,5
433319,1,2,01/2022,2,trabalho,5,4
433319,1,2,01/2022,3,exercicio,14,7
433319,1,2,01/2022,4,exercicio,12,4
433319,1,2,01/2022,5,avaliacao,15,2
328033,4,19,01/2023,1,avaliacao,14,1
328033,4,19,01/2023,2,trabalho,16,10
328033,4,19,01/2023,3,exercicio,17,14
328033,4,19,01/2023,4,trabalho,15,14
328033,4,19,01/2023,5,exercicio,5,2
524757,4,20,02/2023,1,avaliacao,19,5
524757,4,20,02/2023,2,avaliacao,5,1
524757,4,20,02/2023,3,exercicio,10,10
524757,4,20,02/2023,4,trabalho,13,1
817024,3,14,02/2024,1,avaliacao,9,1
199426,2,10,01/2024,1,trabalho,16,16
199426,2,10,01/2024,2,trabalho,11,5
199426,2,10,01/2024,3,exercicio,11,8
204881,5,22,01/2024,1,avaliacao,20,12
204881,5,22,01/2024,2,exercicio,8,3
204881,5,22,01/2024,3,exercicio,5,2
204881,5,22,01/2024,4,trabalho,15,13
204881,5,22,01/2024,5,trabalho,17,7
238533,5,25,01/2022,1,trabalho,14,5
238533,5,25,01/2022,2,avaliacao,7,1
238533,5,25,01/2022,3,exercicio,11,5
238533,5,25,01/2022,4,exercicio,19,18
238533,5,25,01/2022,5,exercicio,7,4
218412,2,7,01/2023,1,trabalho,13,5
218412,2,7,01/2023,2,trabalho,17,2
218412,2,7,01/2023,3,trabalho,6,6
218412,2,7,01/2023,4,avaliacao,12,12
218412,2,7,01/2023,5,exercicio,6,5
331919,5,21,01/2022,1,exercicio,13,1
969809,1,3,01/2024,1,avaliacao,10,8
998669,5,21,01/2023,1,trabalho,5,2
998669,5,21,01/2023,2,trabalho,14,13
998669,5,21,01/2023,3,avaliacao,16,8
297366,2,8,01/2023,1,trabalho,16,12
297366,2,8,01/2023,2,trabalho,16,5
297366,2,8,01/2023,3,exercicio,8,7
605301,1,5,01/2024,1,trabalho,15,10
605301,1,5,01/2024,2,avaliacao,8,7
605301,1,5,01/2024,3,avaliacao,12,2
605301,1,5,01/2024,4,exercicio,6,1
605301,1,5,01/2024,5,trabalho,11,3
900865,3,13,02/2024,1,avaliacao,18,6
900865,3,13,02/2024,2,exercicio,15,15
900865,3,13,02/2024,3,exercicio,12,0
900865,3,13,02/2024,4,exercicio,20,4
900865,3,13,02/2024,5,avaliacao,10,4
381016,4,17,01/2024,1,trabalho,13,9
381016,4,17,01/2024,2,avaliacao,17,13
381016,4,17,01/2024,3,avaliacao,13,0
351953,2,10,02/2024,1,exercicio,14,4
351953,2,10,02/2024,2,exercicio,19,2
351953,2,10,02/2024,3,trabalho,8,7
288620,3,14,02/2022,1,trabalho,15,8
288620,3,14,02/2022,2,exercicio,10,3
288620,3,14,02/2022,3,avaliacao,10,7
288620,3,14,02/2022,4,trabalho,12,5
426660,5,22,02/2024,1,exercicio,14,8
426660,5,22,02/2024,2,trabalho,17,2
574515,5,24,01/2024,1,exercicio,5,2
574515,5,24,01/2024,2,exercicio,19,16
574515,5,24,01/2024,3,trabalho,6,5
574515,5,24,01/2024,4,avaliacao,5,5
462166,1,3,02/2022,1,avaliacao,7,0
462166,1,3,02/2022,2,trabalho,12,12
909448,4,20,01/2024,1,exercicio,18,7
909448,4,20,01/2024,2,trabalho,10,5
909448,4,20,01/2024,3,trabalho,20,19
909448,4,20,01/2024,4,exercicio,17,17
909448,4,20,01/2024,5,exercicio,6,0
483280,3,15,01/2023,1,exercicio,9,2
945352,4,17,01/2022,1,trabalho,18,7
945352,4,17,01/2022,2,trabalho,10,10
945352,4,17,01/2022,3,trabalho,14,7
205533,3,11,02/2023,1,avaliacao,10,0
205533,3,11,02/2023,2,exercicio,18,13
205533,3,11,02/2023,3,exercicio,16,2
205533,3,11,02/2023,4,exercicio,7,4
349656,5,21,01/2023,1,avaliacao,7,0
349656,5,21,01/2023,2,exercicio,15,10
349656,5,21,01/2023,3,avaliacao,19,3
812196,2,9,02/2024,1,avaliacao,15,5
812196,2,9,02/2024,2,trabalho,10,9
812196,2,9,02/2024,3,trabalho,19,17
818007,3,12,01/2023,1,exercicio,13,7
818007,3,12,01/2023,2,avaliacao,17,9
818007,3,12,01/2023,3,trabalho,15,15
818007,3,12,01/2023,4,trabalho,18,8
389056,2,9,01/2023,1,avaliacao,10,3
389056,2,9,01/2023,2,avaliacao,6,2
389056,2,9,01/2023,3,exercicio,16,14
515766,5,22,01/2023,1,avaliacao,20,12
244927,5,23,01/2022,1,avaliacao,18,14
244927,5,23,01/2022,2,exercicio,19,19
244927,5,23,01/2022,3,exercicio,20,3
382859,5,24,02/2023,1,avaliacao,5,4
382859,5,24,02/2023,2,exercicio,6,6
457834,2,8,01/2023,1,avaliacao,19,4
395099,1,2,02/2024,1,avaliacao,9,6
395099,1,2,02/2024,2,trabalho,8,0
395099,1,2,02/2024,3,exercicio,20,8
395099,1,2,02/2024,4,avaliacao,17,1
395099,1,2,02/2024,5,avaliacao,13,5
250464,4,17,02/2022,1,avaliacao,12,6
250464,4,17,02/2022,2,trabalho,19,6
805271,3,12,02/2022,1,avaliacao,16,4
805271,3,12,02/2022,2,avaliacao,14,4
741739,5,22,01/2022,1,trabalho,6,3
741739,5,22,01/2022,2,trabalho,14,10
741739,5,22,01/2022,3,exercicio,12,8
741739,5,22,01/2022,4,avaliacao,11,6
803360,4,18,01/2022,1,exercicio,17,4
803360,4,18,01/2022,2,avaliacao,18,0
803360,4,18,01/2022,3,exercicio,20,5
815239,3,11,02/2022,1,trabalho,6,1
465814,5,21,02/2022,1,avaliacao,17,12
465814,5,21,02/2022,2,exercicio,15,0
465814,5,21,02/2022,3,exercicio,19,2
559702,3,13,01/2024,1,avaliacao,18,4
559702,3,13,01/2024,2,avaliacao,11,10
559702,3,13,01/2024,3,trabalho,14,1
559702,3,13,01/2024,4,avaliacao,10,0
573246,3,11,02/2022,1,exercicio,6,5
573246,3,11,02/2022,2,avaliacao,7,7
573246,3,11,02/2022,3,avaliacao,16,6
947670,5,22,02/2024,1,trabalho,8,1
947670,5,22,02/2024,2,trabalho,20,13
609696,5,24,02/2024,1,exercicio,15,6
609696,5,24,02/2024,2,avaliacao,7,1
550652,1,5,02/2022,1,exercicio,18,2
550652,1,5,02/2022,2,trabalho,18,16
550652,1,5,02/2022,3,avaliacao,15,4
550652,1,5,02/2022,4,trabalho,11,8
405284,5,24,01/2024,1,trabalho,13,2
405284,5,24,01/2024,2,exercicio,18,13
963761,2,10,02/2022,1,trabalho,12,2
963761,2,10,02/2022,2,avaliacao,17,15
963761,2,10,02/2022,3,exercicio,9,9
963761,2,10,02/2022,4,avaliacao,14,3
963761,2,10,02/2022,5,trabalho,16,0
812705,5,23,01/2022,1,trabalho,16,9
812705,5,23,01/2022,2,trabalho,8,4
812705,5,23,01/2022,3,exercicio,15,2
812705,5,23,01/2022,4,exercicio,11,8
650843,2,9,02/2023,1,avaliacao,5,5
650843,2,9,02/2023,2,trabalho,16,3
650843,2,9,02/2023,3,trabalho,14,1
650843,2,9,02/2023,4,exercicio,8,8
941748,3,15,02/2023,1,exercicio,6,4
941748,3,15,02/2023,2,avaliacao,19,19
941748,3,15,02/2023,3,avaliacao,13,13
903004,4,18,01/2023,1,exercicio,16,1
903004,4,18,01/2023,2,exercicio,15,0
903004,4,18,01/2023,3,trabalho,16,2
903004,4,18,01/2023,4,trabalho,17,5
903004,4,18,01/2023,5,exercicio,5,0
432880,3,15,01/2024,1,trabalho,17,7
432880,3,15,01/2024,2,avaliacao,12,12
432880,3,15,01/2024,3,avaliacao,6,5
519312,2,8,01/2023,1,avaliacao,10,0
519312,2,8,01/2023,2,avaliacao,11,1
519312,2,8,01/2023,3,exercicio,16,2
872286,5,24,01/2023,1,trabalho,13,9
367766,3,12,01/2023,1,exercicio,20,6
367766,3,12,01/2023,2,trabalho,13,9
116719,4,20,01/2022,1,exercicio,15,7
168697,2,6,01/2022,1,avaliacao,8,2
168697,2,6,01/2022,2,exercicio,7,3
168697,2,6,01/2022,3,trabalho,12,9
534565,5,25,01/2024,1,trabalho,12,0
534565,5,25,01/2024,2,trabalho,18,0
534565,5,25,01/2024,3,exercicio,14,9
188109,1,5,02/2024,1,avaliacao,13,0
188109,1,5,02/2024,2,avaliacao,8,5
188109,1,5,02/2024,3,trabalho,18,13
188109,1,5,02/2024,4,trabalho,10,9
188109,1,5,02/2024,5,exercicio,7,1
267806,5,24,01/2024,1,avaliacao,7,1
267806,5,24,01/2024,2,trabalho,12,1
267806,5,24,01/2024,3,trabalho,10,3
267806,5,24,01/2024,4,avaliacao,16,0
267806,5,24,01/2024,5,avaliacao,18,7
639663,3,12,01/2024,1,trabalho,5,1
639663,3,12,01/2024,2,exercicio,10,4
639663,3,12,01/2024,3,avaliacao,15,14
168601,4,20,02/2022,1,avaliacao,11,11
168601,4,20,02/2022,2,avaliacao,17,17
168601,4,20,02/2022,3,trabalho,8,4
982387,2,8,01/2023,1,avaliacao,10,3
982387,2,8,01/2023,2,exercicio,8,3
982387,2,8,01/2023,3,trabalho,6,6
982387,2,8,01/2023,4,trabalho,16,9
982387,2,8,01/2023,5,trabalho,9,6
220502,2,9,02/2022,1,trabalho,12,7
220502,2,9,02/2022,2,trabalho,16,11
131997,1,3,02/2022,1,avaliacao,17,6
131997,1,3,02/2022,2,avaliacao,16,13
131997,1,3,02/2022,3,trabalho,19,1
131997,1,3,02/2022,4,trabalho,11,6
131997,1,3,02/2022,5,exercicio,7,1
966097,2,9,01/2024,1,exercicio,10,1
966097,2,9,01/2024,2,exercicio,16,15
966097,2,9,01/2024,3,avaliacao,11,7
603553,1,5,01/2023,1,exercicio,14,9
603553,1,5,01/2023,2,trabalho,8,5
603553,1,5,01/2023,3,trabalho,7,1
789500,4,20,01/2023,1,exercicio,10,9
394969,1,2,02/2024,1,exercicio,8,7
394969,1,2,02/2024,2,trabalho,10,7
394969,1,2,02/2024,3,avaliacao,7,6
394969,1,2,02/2024,4,exercicio,13,2
394969,1,2,02/2024,5,avaliacao,6,4
602145,2,9,02/2024,1,exercicio,5,4
602145,2,9,02/2024,2,exercicio,16,6
602145,2,9,02/2024,3,exercicio,18,10
663025,1,1,01/2024,1,trabalho,15,7
663025,1,1,01/2024,2,trabalho,11,9
663025,1,1,01/2024,3,avaliacao,20,16
962522,1,3,02/2024,1,avaliacao,13,7
962522,1,3,02/2024,2,avaliacao,16,14
962522,1,3,02/2024,3,exercicio,9,4
962522,1,3,02/2024,4,exercicio,19,6
702829,5,22,02/2024,1,avaliacao,16,8
702829,5,22,02/2024,2,exercicio,6,6
702829,5,22,02/2024,3,avaliacao,15,0
702829,5,22,02/2024,4,trabalho,11,2
525301,2,7,01/2022,1,exercicio,20,18
525301,2,7,01/2022,2,avaliacao,7,6
328798,2,6,01/2022,1,avaliacao,14,6
328798,2,6,01/2022,2,trabalho,15,3
849335,4,18,01/2023,1,trabalho,12,4
849335,4,18,01/2023,2,exercicio,16,12
849335,4,18,01/2023,3,avaliacao,12,12
849335,4,18,01/2023,4,trabalho,12,4
988494,3,14,02/2023,1,exercicio,11,2
988494,3,14,02/2023,2,exercicio,19,10
988494,3,14,02/2023,3,trabalho,5,1
988494,3,14,02/2023,4,exercicio,14,14
155306,1,1,02/2022,1,avaliacao,18,0
155306,1,1,02/2022,2,avaliacao,5,3
155306,1,1,02/2022,3,avaliacao,16,4
155306,1,1,02/2022,4,exercicio,18,1
155306,1,1,02/2022,5,avaliacao,19,16
885524,5,23,02/2022,1,exercicio,12,9
746993,4,19,02/2023,1,trabalho,11,10
746993,4,19,02/2023,2,trabalho,10,3
746993,4,19,02/2023,3,trabalho,11,9
746993,4,19,02/2023,4,avaliacao,11,7
746993,4,19,02/2023,5,avaliacao,9,3
586343,3,12,02/2023,1,exercicio,8,0
586343,3,12,02/2023,2,trabalho,10,5
586343,3,12,02/2023,3,avaliacao,5,5
586343,3,12,02/2023,4,trabalho,19,14
842912,1,3,02/2022,1,trabalho,14,2
842912,1,3,02/2022,2,exercicio,7,7
898074,2,7,02/2024,1,avaliacao,16,1
290839,1,1,02/2024,1,trabalho,15,9
290839,1,1,02/2024,2,exercicio,5,1
290839,1,1,02/2024,3,avaliacao,15,2
290839,1,1,02/2024,4,avaliacao,6,3
805739,1,4,01/2022,1,trabalho,8,7
360798,3,11,02/2023,1,avaliacao,6,0
360798,3,11,02/2023,2,trabalho,5,0
360798,3,11,02/2023,3,trabalho,8,3
360798,3,11,02/2023,4,exercicio,10,0
360798,3,11,02/2023,5,avaliacao,19,11
323815,4,20,02/2022,1,avaliacao,12,10
323815,4,20,02/2022,2,avaliacao,11,2
323815,4,20,02/2022,3,trabalho,20,15
323815,4,20,02/2022,4,exercicio,15,3
255296,2,8,02/2022,1,exercicio,6,4
255296,2,8,02/2022,2,trabalho,12,12
689733,5,25,01/2022,1,exercicio,9,1
491338,5,21,02/2024,1,avaliacao,14,1
843420,2,9,02/2024,1,avaliacao,6,3
843420,2,9,02/2024,2,avaliacao,16,5
482519,4,19,02/2024,1,exercicio,15,2
482519,4,19,02/2024,2,exercicio,7,2
482519,4,19,02/2024,3,exercicio,11,10
110251,1,5,01/2022,1,trabalho,5,1
110251,1,5,01/2022,2,exercicio,8,1
334674,1,4,01/2023,1,avaliacao,8,0
334674,1,4,01/2023,2,trabalho,8,7
476589,5,21,02/2022,1,trabalho,7,6
973512,2,6,02/2024,1,exercicio,20,19
346910,3,13,01/2022,1,trabalho,9,2
346910,3,13,01/2022,2,exercicio,8,0
346910,3,13,01/2022,3,avaliacao,20,0
346910,3,13,01/2022,4,avaliacao,14,12
523928,2,6,02/2024,1,trabalho,8,7
523928,2,6,02/2024,2,trabalho,19,7
523928,2,6,02/2024,3,exercicio,15,0
523928,2,6,02/2024,4,avaliacao,18,8
523928,2,6,02/2024,5,avaliacao,16,13
274506,4,19,02/2022,1,trabalho,7,1
274506,4,19,02/2022,2,exercicio,5,5
274506,4,19,02/2022,3,avaliacao,12,7
274506,4,19,02/2022,4,trabalho,13,11
274506,4,19,02/2022,5,exercicio,13,8
736417,2,9,02/2022,1,avaliacao,11,0
736417,2,9,02/2022,2,trabalho,7,6
736417,2,9,02/2022,3,avaliacao,7,5
620945,1,4,01/2023,1,exercicio,12,4
620945,1,4,01/2023,2,avaliacao,16,9
620945,1,4,01/2023,3,avaliacao,18,18
650401,5,24,02/2022,1,avaliacao,5,5
650401,5,24,02/2022,2,avaliacao,8,2
534370,1,5,02/2024,1,avaliacao,11,4
671494,4,20,01/2023,1,avaliacao,7,5
671494,4,20,01/2023,2,avaliacao,11,6
503165,4,18,01/2024,1,trabalho,10,0
851942,1,1,02/2023,1,trabalho,8,3
177650,4,20,01/2023,1,trabalho,20,6
177650,4,20,01/2023,2,exercicio,19,1
177650,4,20,01/2023,3,avaliacao,15,5
177650,4,20,01/2023,4,exercicio,17,11
177650,4,20,01/2023,5,avaliacao,8,8
515408,3,11,01/2024,1,trabalho,12,6
715658,3,15,01/2023,1,trabalho,8,5
715658,3,15,01/2023,2,exercicio,15,15
480202,4,18,02/2024,1,avaliacao,10,2
480202,4,18,02/2024,2,avaliacao,10,1
480202,4,18,02/2024,3,trabalho,8,2
710218,4,17,01/2024,1,exercicio,7,0
710218,4,17,01/2024,2,avaliacao,8,3
710218,4,17,01/2024,3,trabalho,15,2
710218,4,17,01/2024,4,exercicio,17,11
786545,3,14,01/2023,1,trabalho,18,2
786545,3,14,01/2023,2,trabalho,14,12
786545,3,14,01/2023,3,trabalho,10,4
786545,3,14,01/2023,4,exercicio,13,12
786545,3,14,01/2023,5,avaliacao,12,8
110754,2,7,02/2023,1,trabalho,6,6
110754,2,7,02/2023,2,trabalho,15,9
110754,2,7,02/2023,3,exercicio,16,0
110754,2,7,02/2023,4,trabalho,8,0
110754,2,7,02/2023,5,exercicio,8,8
739916,5,23,01/2024,1,exercicio,8,0
654286,3,15,01/2024,1,trabalho,12,6
654286,3,15,01/2024,2,exercicio,12,2
611952,5,22,02/2022,1,trabalho,20,8
611952,5,22,02/2022,2,trabalho,15,2
323254,5,24,02/2023,1,exercicio,5,3
166010,2,8,02/2024,1,trabalho,12,12
166010,2,8,02/2024,2,trabalho,18,0
813027,4,19,01/2024,1,exercicio,6,2
160567,3,14,02/2024,1,exercicio,14,0
160567,3,14,02/2024,2,avaliacao,20,10
160567,3,14,02/2024,3,trabalho,14,12
758042,1,2,01/2024,1,trabalho,6,5
758042,1,2,01/2024,2,exercicio,18,8
758042,1,2,01/2024,3,avaliacao,7,4
758042,1,2,01/2024,4,exercicio,9,1
758042,1,2,01/2024,5,exercicio,19,5
623026,3,14,02/2023,1,avaliacao,17,11
623026,3,14,02/2023,2,trabalho,11,3
172057,1,2,01/2022,1,trabalho,16,11
172057,1,2,01/2022,2,avaliacao,12,4
975464,2,9,01/2023,1,trabalho,19,1
975464,2,9,01/2023,2,trabalho,17,4
975464,2,9,01/2023,3,trabalho,20,12
975464,2,9,01/2023,4,avaliacao,16,2
438566,1,4,01/2023,1,exercicio,11,2
438566,1,4,01/2023,2,exercicio,9,9
438566,1,4,01/2023,3,avaliacao,15,15
438566,1,4,01/2023,4,exercicio,19,7
438566,1,4,01/2023,5,exercicio,18,10
196012,1,2,02/2023,1,exercicio,7,7
196012,1,2,02/2023,2,avaliacao,11,3
637385,3,13,02/2023,1,avaliacao,18,12
637385,3,13,02/2023,2,exercicio,14,4
368632,5,23,02/2022,1,exercicio,20,6
368632,5,23,02/2022,2,trabalho,11,8
368632,5,23,02/2022,3,trabalho,10,4
368632,5,23,02/2022,4,exercicio,12,9
151961,5,24,01/2022,1,trabalho,20,14
151961,5,24,01/2022,2,trabalho,17,2
151961,5,24,01/2022,3,exercicio,12,0
151961,5,24,01/2022,4,trabalho,17,15
747261,4,16,01/2024,1,avaliacao,10,5
747261,4,16,01/2024,2,avaliacao,8,3
747261,4,16,01/2024,3,trabalho,19,19
747261,4,16,01/2024,4,avaliacao,16,6
747261,4,16,01/2024,5,trabalho,13,13
862982,3,15,01/2024,1,avaliacao,16,7
862982,3,15,01/2024,2,trabalho,14,14
862982,3,15,01/2024,3,avaliacao,14,6
192938,2,6,02/2023,1,trabalho,7,7
213623,5,23,02/2022,1,trabalho,7,3
213623,5,23,02/2022,2,exercicio,19,16
213623,5,23,02/2022,3,exercicio,8,5
213623,5,23,02/2022,4,avaliacao,12,11
213623,5,23,02/2022,5,trabalho,5,3
307396,1,1,01/2022,1,exercicio,16,5
307396,1,1,01/2022,2,avaliacao,7,2
307396,1,1,01/2022,3,avaliacao,6,6
861182,1,2,02/2023,1,exercicio,9,5
861182,1,2,02/2023,2,avaliacao,13,1
324777,4,20,02/2023,1,avaliacao,11,5
324777,4,20,02/2023,2,trabalho,15,3
324777,4,20,02/2023,3,avaliacao,17,2
324777,4,20,02/2023,4,trabalho,12,9
710648,4,20,02/2022,1,avaliacao,14,11
710648,4,20,02/2022,2,trabalho,12,10
370369,5,24,02/2023,1,trabalho,9,9
370369,5,24,02/2023,2,exercicio,17,16
416107,2,8,01/2023,1,avaliacao,8,2
298029,4,17,02/2022,1,exercicio,11,4
298029,4,17,02/2022,2,trabalho,19,10
298029,4,17,02/2022,3,exercicio,5,0
298029,4,17,02/2022,4,trabalho,8,0
289515,3,13,01/2024,1,avaliacao,16,16
289515,3,13,01/2024,2,trabalho,20,14
289515,3,13,01/2024,3,avaliacao,12,8
289515,3,13,01/2024,4,exercicio,5,1
762811,2,9,01/2024,1,avaliacao,20,5
762811,2,9,01/2024,2,trabalho,20,12
796308,2,9,02/2023,1,exercicio,15,3
796308,2,9,02/2023,2,trabalho,9,6
352438,5,24,01/2022,1,exercicio,15,5
674499,1,2,02/2024,1,trabalho,6,1
674499,1,2,02/2024,2,exercicio,19,8
674499,1,2,02/2024,3,avaliacao,20,9
276650,3,12,02/2023,1,avaliacao,17,6
276650,3,12,02/2023,2,avaliacao,20,5
157643,3,14,02/2023,1,exercicio,19,5
157643,3,14,02/2023,2,exercicio,13,9
157643,3,14,02/2023,3,avaliacao,17,9
157643,3,14,02/2023,4,trabalho,14,5
288804,4,19,02/2022,1,exercicio,10,9
729490,1,4,02/2024,1,avaliacao,15,5
729490,1,4,02/2024,2,exercicio,16,0
729490,1,4,02/2024,3,trabalho,12,7
729490,1,4,02/2024,4,avaliacao,7,5
658265,5,25,01/2023,1,exercicio,18,16
658265,5,25,01/2023,2,trabalho,7,0
658265,5,25,01/2023,3,avaliacao,17,16
575875,1,1,02/2022,1,avaliacao,6,2
575875,1,1,02/2022,2,exercicio,7,5
575875,1,1,02/2022,3,trabalho,14,0
575875,1,1,02/2022,4,avaliacao,7,6
575875,1,1,02/2022,5,trabalho,11,8
171435,3,14,01/2024,1,exercicio,8,7
171435,3,14,01/2024,2,exercicio,9,7
171435,3,14,01/2024,3,exercicio,5,2
171435,3,14,01/2024,4,trabalho,7,2
171435,3,14,01/2024,5,trabalho,5,1
104518,5,25,02/2022,1,exercicio,16,2
104518,5,25,02/2022,2,trabalho,13,6
104518,5,25,02/2022,3,exercicio,8,3
104518,5,25,02/2022,4,exercicio,11,3
104518,5,25,02/2022,5,avaliacao,13,7
480307,5,23,01/2022,1,exercicio,7,7
480307,5,23,01/2022,2,avaliacao,18,0
480307,5,23,01/2022,3,avaliacao,9,4
480307,5,23,01/2022,4,avaliacao,10,2
480307,5,23,01/2022,5,avaliacao,19,11
897257,4,20,01/2022,1,avaliacao,11,0
897257,4,20,01/2022,2,trabalho,11,10
246659,1,1,02/2024,1,exercicio,15,3
246659,1,1,02/2024,2,exercicio,20,13
246659,1,1,02/2024,3,trabalho,17,9
246659,1,1,02/2024,4,exercicio,20,0
246659,1,1,02/2024,5,exercicio,18,13
267112,4,19,01/2024,1,exercicio,13,8
259585,3,13,01/2023,1,trabalho,13,0
259585,3,13,01/2023,2,avaliacao,10,10
259585,3,13,01/2023,3,trabalho,20,19
259585,3,13,01/2023,4,avaliacao,12,9
425066,2,8,01/2023,1,exercicio,19,1
425066,2,8,01/2023,2,exercicio,8,4
606251,1,2,02/2024,1,trabalho,16,2
606251,1,2,02/2024,2,exercicio,19,19
606251,1,2,02/2024,3,avaliacao,13,12
125145,4,19,02/2022,1,trabalho,16,4
125145,4,19,02/2022,2,trabalho,20,2
586334,2,8,02/2024,1,exercicio,6,6
220887,3,11,01/2024,1,trabalho,15,4
814754,2,10,01/2022,1,exercicio,14,6
814754,2,10,01/2022,2,exercicio,5,5
814754,2,10,01/2022,3,trabalho,20,11
327226,1,4,02/2023,1,avaliacao,12,3
327226,1,4,02/2023,2,avaliacao,11,10
327226,1,4,02/2023,3,avaliacao,20,1
870517,1,2,01/2024,1,exercicio,10,5
870517,1,2,01/2024,2,avaliacao,15,3
870517,1,2,01/2024,3,trabalho,13,5
870517,1,2,01/2024,4,exercicio,19,11
870517,1,2,01/2024,5,avaliacao,16,6
335612,3,13,02/2023,1,exercicio,15,13
335612,3,13,02/2023,2,avaliacao,10,0
335612,3,13,02/2023,3,avaliacao,14,9
577040,1,3,01/2023,1,trabalho,11,8
128123,4,16,02/2023,1,avaliacao,12,0
128123,4,16,02/2023,2,exercicio,5,5
128123,4,16,02/2023,3,exercicio,14,4
128123,4,16,02/2023,4,trabalho,10,2
321254,4,18,02/2024,1,avaliacao,5,5
321254,4,18,02/2024,2,exercicio,5,5
321254,4,18,02/2024,3,avaliacao,15,11
321254,4,18,02/2024,4,exercicio,20,19
738011,5,22,02/2024,1,avaliacao,19,9
738011,5,22,02/2024,2,trabalho,6,1
738011,5,22,02/2024,3,exercicio,16,9
738011,5,22,02/2024,4,avaliacao,15,1
928198,4,18,02/2022,1,avaliacao,12,8
928198,4,18,02/2022,2,avaliacao,17,7
928198,4,18,02/2022,3,trabalho,18,11
430777,1,3,02/2022,1,avaliacao,11,6
430777,1,3,02/2022,2,exercicio,10,2
384686,1,4,01/2022,1,exercicio,20,19
384686,1,4,01/2022,2,exercicio,12,6
384686,1,4,01/2022,3,exercicio,12,4
151287,5,23,01/2024,1,trabalho,16,11
151287,5,23,01/2024,2,trabalho,16,7
151287,5,23,01/2024,3,exercicio,10,5
151287,5,23,01/2024,4,trabalho,12,11
151287,5,23,01/2024,5,avaliacao,6,3
993278,3,12,01/2024,1,exercicio,7,3
867707,1,4,02/2023,1,exercicio,7,2
867707,1,4,02/2023,2,exercicio,9,2
311335,1,2,01/2022,1,trabalho,5,0
311335,1,2,01/2022,2,trabalho,12,7
752678,1,3,01/2023,1,trabalho,5,5
752678,1,3,01/2023,2,exercicio,8,2
440106,4,18,02/2023,1,avaliacao,8,1
440106,4,18,02/2023,2,avaliacao,15,10
440106,4,18,02/2023,3,avaliacao,7,3
749928,5,24,01/2024,1,avaliacao,14,8
749928,5,24,01/2024,2,avaliacao,8,3
749928,5,24,01/2024,3,exercicio,12,8
749928,5,24,01/2024,4,exercicio,10,8
715045,1,1,01/2024,1,exercicio,10,8
687636,3,14,01/2022,1,trabalho,13,6
687636,3,14,01/2022,2,trabalho,10,3
687636,3,14,01/2022,3,exercicio,19,2
687636,3,14,01/2022,4,exercicio,16,0
687636,3,14,01/2022,5,trabalho,9,4
213422,4,17,01/2023,1,exercicio,14,5
213422,4,17,01/2023,2,exercicio,12,5
213422,4,17,01/2023,3,trabalho,17,5
855173,3,11,02/2022,1,trabalho,13,7
855173,3,11,02/2022,2,avaliacao,8,2
855173,3,11,02/2022,3,exercicio,9,2
855173,3,11,02/2022,4,trabalho,11,0
855173,3,11,02/2022,5,avaliacao,9,3
551271,2,9,01/2023,1,trabalho,12,12
551271,2,9,01/2023,2,exercicio,12,8
760732,3,12,02/2024,1,exercicio,9,3
760732,3,12,02/2024,2,avaliacao,9,1
760732,3,12,02/2024,3,avaliacao,13,13
760732,3,12,02/2024,4,exercicio,15,6
760732,3,12,02/2024,5,avaliacao,10,9
116190,2,9,02/2022,1,exercicio,10,2
597392,3,11,01/2022,1,exercicio,11,8
597392,3,11,01/2022,2,avaliacao,7,7
597392,3,11,01/2022,3,trabalho,18,0
745819,2,7,02/2024,1,exercicio,12,2
745819,2,7,02/2024,2,exercicio,10,0
745819,2,7,02/2024,3,trabalho,16,11
745819,2,7,02/2024,4,exercicio,13,12
494077,4,16,02/2024,1,avaliacao,18,18
494077,4,16,02/2024,2,exercicio,9,6
575833,3,13,02/2022,1,avaliacao,11,11
575833,3,13,02/2022,2,trabalho,14,2
575833,3,13,02/2022,3,avaliacao,17,5
721712,1,5,02/2023,1,avaliacao,13,12
721712,1,5,02/2023,2,trabalho,9,4
721712,1,5,02/2023,3,exercicio,6,5
667347,2,10,01/2023,1,trabalho,14,3
667347,2,10,01/2023,2,trabalho,19,13
667347,2,10,01/2023,3,trabalho,7,1
667347,2,10,01/2023,4,trabalho,19,10
667347,2,10,01/2023,5,trabalho,11,10
445237,1,2,02/2024,1,exercicio,7,7
445237,1,2,02/2024,2,exercicio,11,10
445237,1,2,02/2024,3,exercicio,12,3
511762,1,5,02/2023,1,avaliacao,13,5
511762,1,5,02/2023,2,trabalho,9,8
511762,1,5,02/2023,3,avaliacao,5,3
215485,2,9,02/2024,1,trabalho,5,4
125588,5,24,02/2024,1,trabalho,19,13
277491,2,9,01/2023,1,avaliacao,7,4
277491,2,9,01/2023,2,avaliacao,5,1
277491,2,9,01/2023,3,trabalho,8,4
277491,2,9,01/2023,4,avaliacao,8,3
891427,5,21,02/2024,1,trabalho,15,6
891427,5,21,02/2024,2,avaliacao,15,11
891427,5,21,02/2024,3,trabalho,7,1
891427,5,21,02/2024,4,avaliacao,20,7
418074,2,9,01/2022,1,avaliacao,13,6
418074,2,9,01/2022,2,trabalho,13,8
691176,1,3,01/2024,1,exercicio,11,7
691176,1,3,01/2024,2,trabalho,20,10
659220,5,25,01/2024,1,exercicio,17,6
659220,5,25,01/2024,2,avaliacao,9,4
718931,1,4,02/2024,1,trabalho,20,13
718931,1,4,02/2024,2,trabalho,9,7
649439,4,17,02/2024,1,avaliacao,19,6
649439,4,17,02/2024,2,trabalho,18,10
268305,1,3,01/2024,1,trabalho,20,6
268305,1,3,01/2024,2,trabalho,5,2
268305,1,3,01/2024,3,avaliacao,16,10
268305,1,3,01/2024,4,exercicio,20,0
268305,1,3,01/2024,5,avaliacao,13,2
193291,5,25,02/2022,1,avaliacao,13,1
193291,5,25,02/2022,2,exercicio,6,0
193291,5,25,02/2022,3,avaliacao,14,12
271846,3,11,02/2022,1,avaliacao,17,4
271846,3,11,02/2022,2,trabalho,13,11
271846,3,11,02/2022,3,avaliacao,12,10
271846,3,11,02/2022,4,exercicio,16,13
489547,3,15,02/2022,1,trabalho,9,7
489547,3,15,02/2022,2,avaliacao,13,8
489547,3,15,02/2022,3,avaliacao,6,2
489547,3,15,02/2022,4,avaliacao,19,1
489547,3,15,02/2022,5,avaliacao,11,8
923680,2,6,02/2023,1,avaliacao,7,3
923680,2,6,02/2023,2,trabalho,15,13
923680,2,6,02/2023,3,avaliacao,17,3
923680,2,6,02/2023,4,avaliacao,11,7
923680,2,6,02/2023,5,exercicio,17,8
257977,1,3,01/2023,1,trabalho,16,15
257977,1,3,01/2023,2,avaliacao,7,7
257977,1,3,01/2023,3,exercicio,13,1
257977,1,3,01/2023,4,avaliacao,20,9
751343,4,20,02/2023,1,trabalho,10,9
751343,4,20,02/2023,2,avaliacao,18,15
751343,4,20,02/2023,3,trabalho,17,15
325429,4,19,02/2024,1,avaliacao,18,0
325429,4,19,02/2024,2,avaliacao,17,3
325429,4,19,02/2024,3,trabalho,9,5
325429,4,19,02/2024,4,trabalho,11,1
325429,4,19,02/2024,5,trabalho,14,8
750038,3,15,02/2024,1,trabalho,10,4
733330,1,4,01/2022,1,trabalho,18,0
733330,1,4,01/2022,2,exercicio,11,10
733330,1,4,01/2022,3,avaliacao,18,7
733330,1,4,01/2022,4,trabalho,5,2
733330,1,4,01/2022,5,trabalho,20,9
191320,1,2,02/2024,1,avaliacao,5,2
285610,3,11,01/2022,1,avaliacao,15,5
285610,3,11,01/2022,2,trabalho,20,16
285610,3,11,01/2022,3,trabalho,18,6
285610,3,11,01/2022,4,exercicio,16,1
914995,4,17,01/2024,1,exercicio,15,2
914995,4,17,01/2024,2,exercicio,19,5
914995,4,17,01/2024,3,avaliacao,10,4
425854,5,23,02/2023,1,avaliacao,17,4
425854,5,23,02/2023,2,avaliacao,5,5
894816,1,3,01/2023,1,avaliacao,20,4
894816,1,3,01/2023,2,avaliacao,15,5
894816,1,3,01/2023,3,exercicio,16,10
927622,2,6,01/2024,1,trabalho,15,2
927622,2,6,01/2024,2,trabalho,20,12
927622,2,6,01/2024,3,exercicio,8,6
927622,2,6,01/2024,4,avaliacao,16,3
213463,5,21,01/2024,1,avaliacao,14,8
213463,5,21,01/2024,2,avaliacao,14,13
213463,5,21,01/2024,3,exercicio,11,4
834626,4,20,01/2023,1,trabalho,8,6
834626,4,20,01/2023,2,trabalho,10,3
834626,4,20,01/2023,3,trabalho,6,1
834626,4,20,01/2023,4,exercicio,11,10
834626,4,20,01/2023,5,avaliacao,11,5
423662,2,8,01/2023,1,avaliacao,18,7
423662,2,8,01/2023,2,trabalho,11,1
423662,2,8,01/2023,3,exercicio,20,0
703006,1,4,02/2022,1,trabalho,5,3
703006,1,4,02/2022,2,avaliacao,16,2
703006,1,4,02/2022,3,avaliacao,10,8
703006,1,4,02/2022,4,avaliacao,16,5
670893,5,24,01/2023,1,avaliacao,16,6
670893,5,24,01/2023,2,exercicio,6,1
670893,5,24,01/2023,3,trabalho,17,7
334603,3,13,02/2022,1,trabalho,19,7
334603,3,13,02/2022,2,exercicio,14,7
334603,3,13,02/2022,3,avaliacao,16,10
334603,3,13,02/2022,4,avaliacao,20,5
256485,1,1,01/2022,1,avaliacao,7,2
865484,5,23,02/2024,1,avaliacao,14,1
865484,5,23,02/2024,2,avaliacao,20,16
865484,5,23,02/2024,3,exercicio,12,1
865484,5,23,02/2024,4,exercicio,12,9
203718,1,5,01/2023,1,avaliacao,20,15
203718,1,5,01/2023,2,trabalho,19,0
203718,1,5,01/2023,3,avaliacao,11,3
203718,1,5,01/2023,4,trabalho,20,13
203718,1,5,01/2023,5,trabalho,11,10
476709,4,17,01/2023,1,avaliacao,19,19
476709,4,17,01/2023,2,exercicio,20,7
476709,4,17,01/2023,3,exercicio,16,5
476709,4,17,01/2023,4,avaliacao,13,8
476709,4,17,01/2023,5,exercicio,11,4
223849,5,24,02/2023,1,avaliacao,18,14
223849,5,24,02/2023,2,avaliacao,10,4
223849,5,24,02/2023,3,trabalho,13,12
223849,5,24,02/2023,4,avaliacao,5,3
971517,2,10,02/2023,1,exercicio,14,2
971517,2,10,02/2023,2,avaliacao,17,17
971517,2,10,02/2023,3,exercicio,11,5
504526,2,9,02/2024,1,trabalho,17,8
504526,2,9,02/2024,2,trabalho,17,12
504526,2,9,02/2024,3,avaliacao,12,11
504526,2,9,02/2024,4,exercicio,19,16
504526,2,9,02/2024,5,trabalho,6,3
890518,4,19,02/2024,1,trabalho,11,9
890518,4,19,02/2024,2,avaliacao,11,2
890518,4,19,02/2024,3,trabalho,9,5
865988,2,9,01/2024,1,trabalho,17,7
865988,2,9,01/2024,2,avaliacao,20,20
591061,1,5,01/2024,1,avaliacao,10,0
591061,1,5,01/2024,2,exercicio,7,6
631355,4,18,01/2022,1,trabalho,9,7
631355,4,18,01/2022,2,trabalho,20,2
631355,4,18,01/2022,3,avaliacao,15,9
631355,4,18,01/2022,4,avaliacao,5,2
378008,3,11,01/2022,1,trabalho,16,15
532832,2,10,02/2023,1,trabalho,20,3
532832,2,10,02/2023,2,avaliacao,8,0
532832,2,10,02/2023,3,trabalho,10,9
532832,2,10,02/2023,4,avaliacao,14,2
951885,4,19,02/2022,1,exercicio,19,17
951885,4,19,02/2022,2,trabalho,20,18
951885,4,19,02/2022,3,avaliacao,11,8
951885,4,19,02/2022,4,trabalho,10,6
389756,5,22,02/2024,1,avaliacao,5,2
389756,5,22,02/2024,2,avaliacao,16,13
389756,5,22,02/2024,3,avaliacao,18,10
389756,5,22,02/2024,4,trabalho,8,1
389756,5,22,02/2024,5,avaliacao,11,9
503980,5,23,01/2024,1,avaliacao,14,5
503980,5,23,01/2024,2,avaliacao,11,0
503980,5,23,01/2024,3,trabalho,11,0
503980,5,23,01/2024,4,trabalho,16,16
503980,5,23,01/2024,5,exercicio,11,4
182605,5,23,01/2024,1,trabalho,10,7
182605,5,23,01/2024,2,avaliacao,20,20
182605,5,23,01/2024,3,trabalho,10,7
182605,5,23,01/2024,4,avaliacao,17,15
653285,1,3,01/2023,1,exercicio,13,9
653285,1,3,01/2023,2,trabalho,9,7
202259,5,24,01/2024,1,trabalho,12,7
202259,5,24,01/2024,2,exercicio,14,12
951173,2,6,02/2024,1,trabalho,17,2
951173,2,6,02/2024,2,avaliacao,17,6
951173,2,6,02/2024,3,avaliacao,5,2
186404,2,6,01/2024,1,exercicio,19,12
186404,2,6,01/2024,2,trabalho,6,0
186404,2,6,01/2024,3,avaliacao,9,4
186404,2,6,01/2024,4,trabalho,14,6
186404,2,6,01/2024,5,exercicio,11,6
958594,4,20,02/2023,1,exercicio,10,5
958594,4,20,02/2023,2,avaliacao,13,9
909203,1,4,02/2024,1,avaliacao,9,5
562217,1,5,01/2023,1,exercicio,12,12
562217,1,5,01/2023,2,exercicio,11,11
562217,1,5,01/2023,3,trabalho,19,5
562217,1,5,01/2023,4,exercicio,16,10
562217,1,5,01/2023,5,avaliacao,8,1
506844,2,10,02/2023,1,avaliacao,11,10
506844,2,10,02/2023,2,exercicio,17,13
506844,2,10,02/2023,3,trabalho,15,7
506844,2,10,02/2023,4,exercicio,13,9
774785,4,16,01/2024,1,trabalho,14,8
774785,4,16,01/2024,2,avaliacao,10,4
774785,4,16,01/2024,3,trabalho,15,0
386761,2,9,01/2022,1,exercicio,14,4
386761,2,9,01/2022,2,trabalho,7,3
702957,4,18,01/2023,1,avaliacao,16,8
397177,2,10,02/2022,1,exercicio,15,0
397177,2,10,02/2022,2,exercicio,11,9
397177,2,10,02/2022,3,trabalho,16,13
397177,2,10,02/2022,4,exercicio,14,12
397177,2,10,02/2022,5,avaliacao,12,8
682720,2,6,01/2022,1,exercicio,19,6
682720,2,6,01/2022,2,trabalho,12,4
682720,2,6,01/2022,3,trabalho,6,4
682720,2,6,01/2022,4,avaliacao,11,2
656696,1,2,02/2024,1,avaliacao,6,0
656696,1,2,02/2024,2,trabalho,10,1
656696,1,2,02/2024,3,avaliacao,16,2
656696,1,2,02/2024,4,exercicio,20,4
656696,1,2,02/2024,5,exercicio,18,11
129296,4,16,02/2023,1,avaliacao,12,7
129296,4,16,02/2023,2,avaliacao,16,6
129296,4,16,02/2023,3,avaliacao,15,2
495491,3,11,02/2022,1,trabalho,14,8
495491,3,11,02/2022,2,exercicio,17,1
495491,3,11,02/2022,3,avaliacao,16,15
182044,1,2,01/2024,1,avaliacao,19,12
182044,1,2,01/2024,2,exercicio,8,4
182044,1,2,01/2024,3,trabalho,13,10
182044,1,2,01/2024,4,exercicio,18,11
965963,2,6,01/2022,1,avaliacao,18,5
965963,2,6,01/2022,2,avaliacao,13,3
935955,1,5,02/2022,1,avaliacao,20,19
935955,1,5,02/2022,2,exercicio,17,1
935955,1,5,02/2022,3,trabalho,15,3
935955,1,5,02/2022,4,trabalho,11,1
935955,1,5,02/2022,5,trabalho,7,0
255750,4,16,02/2024,1,exercicio,13,9
780404,4,16,01/2024,1,avaliacao,10,3
780404,4,16,01/2024,2,exercicio,15,11
780404,4,16,01/2024,3,avaliacao,5,1
780404,4,16,01/2024,4,avaliacao,19,4
228427,1,4,02/2023,1,exercicio,17,13
228427,1,4,02/2023,2,avaliacao,10,0
551738,3,14,02/2024,1,trabalho,10,8
551738,3,14,02/2024,2,avaliacao,9,1
551738,3,14,02/2024,3,avaliacao,19,7
233019,5,25,01/2024,1,trabalho,10,10
233019,5,25,01/2024,2,exercicio,9,6
233019,5,25,01/2024,3,exercicio,9,0
233019,5,25,01/2024,4,avaliacao,16,12
233019,5,25,01/2024,5,exercicio,18,18
822579,2,9,02/2022,1,exercicio,19,19
822579,2,9,02/2022,2,exercicio,13,0
822579,2,9,02/2022,3,avaliacao,16,3
822579,2,9,02/2022,4,avaliacao,19,18
822579,2,9,02/2022,5,exercicio,10,1
548325,5,23,02/2023,1,avaliacao,17,5
548325,5,23,02/2023,2,exercicio,16,2
548325,5,23,02/2023,3,trabalho,19,17
548325,5,23,02/2023,4,trabalho,12,9
548325,5,23,02/2023,5,avaliacao,17,15
559251,1,5,01/2022,1,avaliacao,9,7
559251,1,5,01/2022,2,trabalho,5,2
559251,1,5,01/2022,3,trabalho,15,10
559251,1,5,01/2022,4,avaliacao,14,5
585615,3,15,01/2023,1,trabalho,20,8
585615,3,15,01/2023,2,trabalho,9,7
585615,3,15,01/2023,3,exercicio,15,13
585615,3,15,01/2023,4,exercicio,12,12
585615,3,15,01/2023,5,avaliacao,15,12
579738,1,3,02/2023,1,trabalho,5,4
579738,1,3,02/2023,2,exercicio,19,17
579738,1,3,02/2023,3,exercicio,15,1
579738,1,3,02/2023,4,exercicio,5,4
579738,1,3,02/2023,5,exercicio,9,4
714047,2,6,01/2022,1,avaliacao,5,4
714047,2,6,01/2022,2,trabalho,13,3
714047,2,6,01/2022,3,trabalho,17,7
714047,2,6,01/2022,4,avaliacao,20,7
714047,2,6,01/2022,5,avaliacao,15,14
729126,5,23,02/2023,1,exercicio,12,2
729126,5,23,02/2023,2,avaliacao,7,0
729126,5,23,02/2023,3,trabalho,20,11
729126,5,23,02/2023,4,exercicio,19,7
808312,4,16,02/2024,1,exercicio,10,6
808312,4,16,02/2024,2,exercicio,6,2
134899,2,7,01/2022,1,exercicio,6,5
140449,2,9,02/2024,1,avaliacao,12,4
140449,2,9,02/2024,2,trabalho,14,4
140449,2,9,02/2024,3,trabalho,7,3
140449,2,9,02/2024,4,trabalho,12,3
140449,2,9,02/2024,5,avaliacao,6,4
506745,4,18,01/2022,1,exercicio,15,2
659802,1,4,01/2022,1,avaliacao,14,5
659802,1,4,01/2022,2,avaliacao,11,6
659802,1,4,01/2022,3,trabalho,6,1
659802,1,4,01/2022,4,avaliacao,16,14
519039,5,25,02/2022,1,exercicio,20,19
519039,5,25,02/2022,2,avaliacao,14,8
519039,5,25,02/2022,3,exercicio,8,7
519039,5,25,02/2022,4,trabalho,8,5
519039,5,25,02/2022,5,avaliacao,15,0
213458,2,8,02/2023,1,avaliacao,16,11
213458,2,8,02/2023,2,trabalho,10,9
213458,2,8,02/2023,3,exercicio,20,4
213458,2,8,02/2023,4,avaliacao,6,1
213458,2,8,02/2023,5,exercicio,14,5
819461,5,24,01/2023,1,exercicio,14,8
819461,5,24,01/2023,2,trabalho,14,0
590291,1,5,01/2022,1,trabalho,14,9
590291,1,5,01/2022,2,exercicio,8,2
590291,1,5,01/2022,3,avaliacao,20,16
590291,1,5,01/2022,4,avaliacao,9,1
590291,1,5,01/2022,5,exercicio,9,6
275468,1,3,01/2022,1,exercicio,17,15
111751,2,6,02/2023,1,avaliacao,17,10
111751,2,6,02/2023,2,trabalho,19,12
911591,5,22,01/2023,1,exercicio,12,12
911591,5,22,01/2023,2,exercicio,16,8
911591,5,22,01/2023,3,avaliacao,6,2
658972,4,20,02/2022,1,avaliacao,7,0
752063,5,21,02/2022,1,trabalho,18,5
752063,5,21,02/2022,2,trabalho,8,6
752063,5,21,02/2022,3,exercicio,18,17
752063,5,21,02/2022,4,exercicio,18,1
752063,5,21,02/2022,5,avaliacao,18,14
552773,1,1,02/2024,1,trabalho,15,6
552773,1,1,02/2024,2,exercicio,11,3
387974,1,5,02/2023,1,trabalho,12,4
165641,4,17,01/2022,1,exercicio,10,5
165641,4,17,01/2022,2,avaliacao,14,6
165641,4,17,01/2022,3,trabalho,17,11
900208,3,11,02/2024,1,exercicio,8,6
693479,2,7,01/2024,1,avaliacao,16,1
139828,5,21,01/2024,1,exercicio,9,5
139828,5,21,01/2024,2,trabalho,17,13
139828,5,21,01/2024,3,avaliacao,6,4
115893,5,22,02/2024,1,avaliacao,12,7
115893,5,22,02/2024,2,trabalho,13,13
115893,5,22,02/2024,3,exercicio,5,3
999582,5,21,02/2022,1,trabalho,13,3
999582,5,21,02/2022,2,exercicio,10,3
999582,5,21,02/2022,3,avaliacao,12,0
999582,5,21,02/2022,4,avaliacao,17,17
999582,5,21,02/2022,5,avaliacao,11,1
721740,5,25,02/2023,1,avaliacao,11,0
721740,5,25,02/2023,2,avaliacao,18,14
721740,5,25,02/2023,3,exercicio,8,4
721740,5,25,02/2023,4,exercicio,5,4
282471,3,14,02/2022,1,avaliacao,14,8
282471,3,14,02/2022,2,exercicio,6,6
188744,4,17,01/2023,1,avaliacao,16,1
188744,4,17,01/2023,2,trabalho,13,12
916129,5,21,01/2023,1,avaliacao,12,9
191469,1,2,01/2024,1,trabalho,12,6
959252,4,16,02/2022,1,trabalho,17,15
959252,4,16,02/2022,2,exercicio,10,9
959252,4,16,02/2022,3,trabalho,5,2
959252,4,16,02/2022,4,avaliacao,7,5
917171,2,9,02/2024,1,trabalho,8,8
917171,2,9,02/2024,2,avaliacao,10,7
346302,2,6,02/2023,1,exercicio,14,11
346302,2,6,02/2023,2,avaliacao,17,11
671869,3,12,02/2023,1,exercicio,5,4
671869,3,12,02/2023,2,exercicio,15,4
671869,3,12,02/2023,3,trabalho,20,19
322144,4,20,01/2024,1,trabalho,19,16
322144,4,20,01/2024,2,avaliacao,16,16
322144,4,20,01/2024,3,avaliacao,11,3
197834,4,16,01/2022,1,avaliacao,20,17
197834,4,16,01/2022,2,exercicio,6,0
197834,4,16,01/2022,3,exercicio,11,9
946330,1,5,01/2022,1,trabalho,8,6
946330,1,5,01/2022,2,avaliacao,9,6
946330,1,5,01/2022,3,trabalho,11,3
247278,2,6,02/2024,1,exercicio,11,2
247278,2,6,02/2024,2,trabalho,20,2
247278,2,6,02/2024,3,exercicio,8,3
586818,2,10,02/2024,1,trabalho,10,3
586818,2,10,02/2024,2,avaliacao,13,5
959646,4,20,01/2024,1,trabalho,18,2
959646,4,20,01/2024,2,exercicio,6,0
481760,1,1,02/2024,1,trabalho,10,10
481760,1,1,02/2024,2,avaliacao,12,5
481760,1,1,02/2024,3,exercicio,10,6
481760,1,1,02/2024,4,avaliacao,19,5
497883,4,20,01/2023,1,exercicio,7,5
497883,4,20,01/2023,2,avaliacao,7,6
476653,5,22,02/2022,1,exercicio,13,10
476653,5,22,02/2022,2,trabalho,6,4
476653,5,22,02/2022,3,exercicio,16,1
476653,5,22,02/2022,4,exercicio,13,0
476653,5,22,02/2022,5,exercicio,5,0
826557,4,17,01/2024,1,avaliacao,11,9
826557,4,17,01/2024,2,avaliacao,11,4
244023,4,18,02/2023,1,exercicio,13,5
244023,4,18,02/2023,2,exercicio,12,5
244023,4,18,02/2023,3,exercicio,9,4
207188,4,20,01/2023,1,exercicio,10,8
207188,4,20,01/2023,2,exercicio,17,6
207188,4,20,01/2023,3,avaliacao,13,5
207188,4,20,01/2023,4,exercicio,9,7
201682,1,2,02/2022,1,avaliacao,9,4
201682,1,2,02/2022,2,avaliacao,12,4
548094,2,10,02/2024,1,avaliacao,8,7
548094,2,10,02/2024,2,trabalho,12,1
548094,2,10,02/2024,3,avaliacao,5,3
548094,2,10,02/2024,4,trabalho,13,7
548094,2,10,02/2024,5,exercicio,16,5
944589,5,23,02/2023,1,exercicio,8,2
944589,5,23,02/2023,2,trabalho,11,7
944589,5,23,02/2023,3,trabalho,12,0
595053,2,7,02/2024,1,avaliacao,15,6
595053,2,7,02/2024,2,trabalho,6,4
500659,5,24,02/2023,1,trabalho,12,11
500659,5,24,02/2023,2,trabalho,7,5
500659,5,24,02/2023,3,avaliacao,19,8
500659,5,24,02/2023,4,trabalho,12,4
500659,5,24,02/2023,5,trabalho,14,14
207413,3,11,02/2023,1,exercicio,9,0
207413,3,11,02/2023,2,trabalho,17,4
207413,3,11,02/2023,3,trabalho,6,0
207413,3,11,02/2023,4,trabalho,11,1
907350,1,4,02/2024,1,avaliacao,5,2
907350,1,4,02/2024,2,exercicio,15,10
907350,1,4,02/2024,3,trabalho,15,9
907350,1,4,02/2024,4,trabalho,14,12
246662,2,6,02/2023,1,avaliacao,6,4
246662,2,6,02/2023,2,exercicio,20,1
246662,2,6,02/2023,3,avaliacao,13,3
246662,2,6,02/2023,4,avaliacao,9,3
246662,2,6,02/2023,5,exercicio,5,0
202811,4,18,02/2022,1,trabalho,19,9
202811,4,18,02/2022,2,avaliacao,12,3
202811,4,18,02/2022,3,trabalho,11,2
202811,4,18,02/2022,4,avaliacao,16,14
771453,2,8,02/2022,1,avaliacao,11,1
771453,2,8,02/2022,2,avaliacao,8,3
771453,2,8,02/2022,3,trabalho,8,7
771453,2,8,02/2022,4,trabalho,17,13
771453,2,8,02/2022,5,exercicio,18,9
329889,2,8,01/2022,1,avaliacao,16,9
531938,1,4,02/2023,1,exercicio,7,3
531938,1,4,02/2023,2,exercicio,18,7
963278,3,15,01/2024,1,trabalho,18,0
963278,3,15,01/2024,2,exercicio,16,7
876805,1,3,01/2022,1,exercicio,17,9
876805,1,3,01/2022,2,exercicio,16,8
876805,1,3,01/2022,3,avaliacao,15,8
876805,1,3,01/2022,4,trabalho,17,5
549915,2,6,02/2022,1,trabalho,18,10
549915,2,6,02/2022,2,avaliacao,16,12
549915,2,6,02/2022,3,avaliacao,8,4
348563,4,18,02/2022,1,exercicio,5,2
348563,4,18,02/2022,2,trabalho,20,0
289845,2,9,02/2022,1,trabalho,17,1
289845,2,9,02/2022,2,trabalho,14,8
289845,2,9,02/2022,3,avaliacao,16,9
289845,2,9,02/2022,4,avaliacao,15,13
598120,3,11,02/2023,1,avaliacao,11,10
826753,4,16,01/2023,1,avaliacao,5,4
826753,4,16,01/2023,2,trabalho,5,2
826753,4,16,01/2023,3,exercicio,20,14
927911,5,22,01/2024,1,trabalho,19,17
927911,5,22,01/2024,2,exercicio,13,11
927911,5,22,01/2024,3,trabalho,13,1
240344,1,2,02/2023,1,trabalho,14,12
240344,1,2,02/2023,2,trabalho,12,6
240344,1,2,02/2023,3,exercicio,6,2
240344,1,2,02/2023,4,trabalho,18,16
240344,1,2,02/2023,5,trabalho,14,0
667164,3,13,01/2023,1,trabalho,17,16
205317,3,15,01/2022,1,trabalho,13,2
978104,2,6,01/2022,1,trabalho,7,7
978104,2,6,01/2022,2,trabalho,5,1
574807,2,10,01/2022,1,avaliacao,16,14
574807,2,10,01/2022,2,avaliacao,17,2
567840,1,2,01/2024,1,trabalho,20,14
567840,1,2,01/2024,2,trabalho,15,3
100971,2,6,02/2024,1,trabalho,16,2
100971,2,6,02/2024,2,exercicio,11,1
100971,2,6,02/2024,3,avaliacao,5,4
100971,2,6,02/2024,4,avaliacao,10,10
100971,2,6,02/2024,5,exercicio,11,8
296927,3,11,01/2022,1,trabalho,12,12
296927,3,11,01/2022,2,avaliacao,5,5
296927,3,11,01/2022,3,trabalho,10,2
438945,4,18,02/2022,1,trabalho,5,4
438945,4,18,02/2022,2,exercicio,6,5
438945,4,18,02/2022,3,trabalho,7,5
438945,4,18,02/2022,4,trabalho,5,3
438945,4,18,02/2022,5,trabalho,7,2
750945,3,15,01/2022,1,exercicio,20,0
750945,3,15,01/2022,2,exercicio,6,6
750945,3,15,01/2022,3,avaliacao,17,12
750945,3,15,01/2022,4,avaliacao,14,8
769665,1,1,01/2023,1,trabalho,14,3
769665,1,1,01/2023,2,avaliacao,18,4
769665,1,1,01/2023,3,trabalho,10,4
769665,1,1,01/2023,4,avaliacao,11,1
769665,1,1,01/2023,5,exercicio,7,3
993855,2,6,01/2023,1,trabalho,6,2
993855,2,6,01/2023,2,trabalho,8,2
993855,2,6,01/2023,3,exercicio,20,14
143953,4,18,01/2024,1,trabalho,6,0
143953,4,18,01/2024,2,trabalho,10,10
143953,4,18,01/2024,3,exercicio,15,11
143953,4,18,01/2024,4,avaliacao,7,5
143953,4,18,01/2024,5,exercicio,18,9
264467,3,13,02/2022,1,exercicio,15,9
264467,3,13,02/2022,2,avaliacao,17,4
446655,5,24,02/2023,1,trabalho,11,9
446655,5,24,02/2023,2,exercicio,13,9
446655,5,24,02/2023,3,trabalho,16,1
446655,5,24,02/2023,4,trabalho,15,8
249795,4,18,02/2023,1,exercicio,15,8
249795,4,18,02/2023,2,exercicio,20,14
249795,4,18,02/2023,3,exercicio,20,9
312573,2,7,02/2023,1,avaliacao,7,7
312573,2,7,02/2023,2,trabalho,18,9
